{
    "from": "User",
    "gcode_flavor": "klipper",
    "inherits": "Creality CR-10 Max 0.4 nozzle",
    "is_custom_defined": "0",
    "machine_end_gcode": "END_PRINT",
    "machine_pause_gcode": "PAUSE ;pause print",
    "machine_start_gcode": "M190 S[bed_temperature_initial_layer_single]\nM109 S[nozzle_temperature_initial_layer]\n;PRINT_START EXTRUDER=[nozzle_temperature_initial_layer] BED=[bed_temperature_initial_layer_single]\nSTART_PRINT BED_TEMP=[bed_temperature_initial_layer_single] EXTRUDER_TEMP=[nozzle_temperature_initial_layer]",
    "max_layer_height": [
        "0.4"
    ],
    "min_layer_height": [
        "0.15"
    ],
    "name": "Anet A8 Plus 0.6 nozzle - klipper",
    "nozzle_diameter": [
        "0.6"
    ],
    "print_host": "192.168.1.168",
    "print_host_webui": "http://192.168.1.168/#",
    "printable_area": [
        "0x0",
        "300x0",
        "300x300",
        "0x300"
    ],
    "printable_height": "290",
    "printer_settings_id": "Anet A8 Plus 0.6 nozzle - klipper",
    "printhost_apikey": "528258b347c349b0a03c1f3094e60637",
    "retraction_length": [
        "1"
    ],
    "version": "2.0.0.0",
    "wipe": [
        "0"
    ]
}
