{
    "deretraction_speed": [
        "90"
    ],
    "from": "User",
    "inherits": "MyKlipper 0.4 nozzle",
    "is_custom_defined": "0",
    "machine_end_gcode": "G91; relative positioning\n ;G1 Z1.0 F3000 ; move z up little to prevent scratching of print\n G1 Z10.0 F3000 ; move z up\n G90; absolute positioning\n G1 X0 Y200 F1000 ; prepare for part removal\n M104 S0; turn off extruder\n M140 S0 ; turn off bed\n G1 X0 Y200 F1000 ; prepare for part removal\n M84 ; disable motors\n M106 S0 ; turn off fan",
    "machine_max_acceleration_extruding": [
        "5000",
        "20000"
    ],
    "machine_max_acceleration_travel": [
        "9000",
        "9000"
    ],
    "machine_max_acceleration_x": [
        "10000",
        "20000"
    ],
    "machine_max_acceleration_y": [
        "10000",
        "20000"
    ],
    "machine_max_jerk_x": [
        "20",
        "9"
    ],
    "machine_max_jerk_y": [
        "20",
        "9"
    ],
    "machine_max_speed_e": [
        "100",
        "25"
    ],
    "machine_max_speed_z": [
        "50",
        "12"
    ],
    "machine_start_gcode": "M190 S[bed_temperature_initial_layer_single]\nM109 S[nozzle_temperature_initial_layer]\nG28 ; h1ome all axes\n M117 ;Purge extruder\n G92 E0 ; reset extruder\n G1 Z1.0 F3000 ; move z up little to prevent scratching of surface\n G1 X2 Y20 Z0.3 F5000.0 ; move to start-line position\n G1 X2 Y175.0 Z0.3 F1500.0 E15 ; draw 1st line\n G1 X2 Y175.0 Z0.4 F5000.0 ; move to side a little\n G1 X2 Y20 Z0.4 F1500.0 E30 ; draw 2nd line\n G92 E0 ; reset extruder\n G1 Z1.0 F3000 ; move z up little to prevent scratching of surface",
    "max_layer_height": [
        "0.32"
    ],
    "name": "KLP1 0.4 nozzle",
    "print_host": "192.168.1.184",
    "printable_area": [
        "0x0",
        "230x0",
        "230x230",
        "0x230"
    ],
    "printable_height": "210",
    "printer_settings_id": "KLP1 0.4 nozzle",
    "printhost_apikey": "95b7239fb8ae4875a7f2f2b788682a20",
    "retraction_length": [
        "1"
    ],
    "retraction_speed": [
        "90"
    ],
    "thumbnails": [
        "100x100"
    ],
    "version": "1.6.0.0",
    "wipe_distance": [
        "2"
    ],
    "z_hop": [
        "0"
    ]
}
