{
    "fan_cooling_layer_time": [
        "0"
    ],
    "fan_max_speed": [
        "100"
    ],
    "fan_min_speed": [
        "100"
    ],
    "filament_flow_ratio": [
        "1"
    ],
    "filament_max_volumetric_speed": [
        "15.2"
    ],
    "filament_retract_when_changing_layer": [
        "1"
    ],
    "filament_retraction_length": [
        "0.8"
    ],
    "filament_settings_id": [
        "Generic PETG - BMA - CorLaranja"
    ],
    "filament_wipe": [
        "1"
    ],
    "filament_z_hop": [
        "0.2"
    ],
    "filament_z_hop_types": [
        "Spiral Lift"
    ],
    "from": "User",
    "hot_plate_temp": [
        "65"
    ],
    "hot_plate_temp_initial_layer": [
        "65"
    ],
    "inherits": "Creality Generic PETG",
    "is_custom_defined": "0",
    "name": "Generic PETG - BMA - CorLaranja",
    "nozzle_temperature": [
        "220"
    ],
    "nozzle_temperature_initial_layer": [
        "230"
    ],
    "nozzle_temperature_range_high": [
        "250"
    ],
    "slow_down_for_layer_cooling": [
        "0"
    ],
    "slow_down_layer_time": [
        "0"
    ],
    "version": "2.0.0.0"
}
