{
    "filament_flow_ratio": [
        "1"
    ],
    "filament_max_volumetric_speed": [
        "200"
    ],
    "filament_settings_id": [
        "Generic PETG - BMA"
    ],
    "from": "User",
    "hot_plate_temp": [
        "65"
    ],
    "hot_plate_temp_initial_layer": [
        "65"
    ],
    "inherits": "Creality Generic PETG",
    "is_custom_defined": "0",
    "name": "Generic PETG - BMA",
    "nozzle_temperature": [
        "230"
    ],
    "nozzle_temperature_initial_layer": [
        "245"
    ],
    "nozzle_temperature_range_high": [
        "250"
    ],
    "slow_down_layer_time": [
        "0"
    ],
    "version": "2.0.0.0"
}
