{
    "filament_deretraction_speed": [
        "40"
    ],
    "filament_diameter": [
        "1.74"
    ],
    "filament_flow_ratio": [
        "1.034"
    ],
    "filament_max_volumetric_speed": [
        "50"
    ],
    "filament_retract_when_changing_layer": [
        "1"
    ],
    "filament_retraction_length": [
        "0.3"
    ],
    "filament_retraction_speed": [
        "60"
    ],
    "filament_settings_id": [
        "My Generic PETG - Cor de Laranja"
    ],
    "filament_wipe": [
        "1"
    ],
    "filament_z_hop": [
        "0.3"
    ],
    "filament_z_hop_types": [
        "Normal Lift"
    ],
    "from": "User",
    "hot_plate_temp": [
        "60"
    ],
    "hot_plate_temp_initial_layer": [
        "60"
    ],
    "inherits": "My Generic PETG",
    "is_custom_defined": "0",
    "name": "My Generic PETG - Cor de Laranja",
    "nozzle_temperature": [
        "240"
    ],
    "nozzle_temperature_initial_layer": [
        "240"
    ],
    "version": "2.0.0.0"
}
