{
    "complete_print_exhaust_fan_speed": [
        "100"
    ],
    "during_print_exhaust_fan_speed": [
        "100"
    ],
    "fan_max_speed": [
        "100"
    ],
    "fan_min_speed": [
        "100"
    ],
    "filament_deretraction_speed": [
        "40"
    ],
    "filament_flow_ratio": [
        "1"
    ],
    "filament_max_volumetric_speed": [
        "200"
    ],
    "filament_retract_when_changing_layer": [
        "1"
    ],
    "filament_retraction_length": [
        "0.3"
    ],
    "filament_retraction_speed": [
        "60"
    ],
    "filament_settings_id": [
        "My Generic PLA - Cinza 500 Plusmms"
    ],
    "filament_type": [
        "PLA"
    ],
    "filament_wipe": [
        "1"
    ],
    "filament_z_hop": [
        "0.3"
    ],
    "filament_z_hop_types": [
        "Normal Lift"
    ],
    "from": "User",
    "hot_plate_temp": [
        "60"
    ],
    "hot_plate_temp_initial_layer": [
        "60"
    ],
    "inherits": "My Generic PETG",
    "is_custom_defined": "0",
    "name": "My Generic PLA - Cinza 500 Plusmms",
    "nozzle_temperature": [
        "215"
    ],
    "nozzle_temperature_initial_layer": [
        "215"
    ],
    "slow_down_layer_time": [
        "0"
    ],
    "version": "2.0.0.0"
}
