{
    "filament_diameter": [
        "1.71"
    ],
    "filament_end_gcode": [
        "; filament end gcode "
    ],
    "filament_flow_ratio": [
        "1"
    ],
    "filament_retraction_length": [
        "0.8"
    ],
    "filament_settings_id": [
        "My Generic PETG - Copy"
    ],
    "filament_start_gcode": [
        "; filament start gcode"
    ],
    "filament_wipe": [
        "1"
    ],
    "filament_z_hop": [
        "0.4"
    ],
    "filament_z_hop_types": [
        "Normal Lift"
    ],
    "from": "User",
    "hot_plate_temp": [
        "70"
    ],
    "hot_plate_temp_initial_layer": [
        "70"
    ],
    "inherits": "My Generic PETG",
    "is_custom_defined": "0",
    "name": "My Generic PETG - Copy",
    "nozzle_temperature": [
        "240"
    ],
    "nozzle_temperature_initial_layer": [
        "245"
    ],
    "nozzle_temperature_range_high": [
        "245"
    ],
    "nozzle_temperature_range_low": [
        "225"
    ],
    "slow_down_layer_time": [
        "1"
    ],
    "version": "1.6.1.0"
}
