{
    "from": "User",
    "gap_infill_speed": "40",
    "inherits": "0.20mm Standard @Creality CR10Max",
    "initial_layer_infill_speed": "30",
    "initial_layer_speed": "25",
    "inner_wall_speed": "50",
    "internal_solid_infill_speed": "50",
    "is_custom_defined": "0",
    "name": "0.20mm Standard @Anet A8 Plus klipper",
    "print_settings_id": "0.20mm Standard @Anet A8 Plus klipper",
    "seam_position": "back",
    "skirt_distance": "0",
    "skirt_loops": "5",
    "top_surface_speed": "40",
    "version": "2.0.0.0",
    "wall_loops": "2",
    "xy_contour_compensation": "-0.05",
    "xy_hole_compensation": "0.3"
}
