{
    "bottom_shell_layers": "2",
    "brim_type": "no_brim",
    "brim_width": "2",
    "from": "User",
    "gap_infill_speed": "250",
    "inherits": "0.20mm Standard @MyKlipper",
    "initial_layer_infill_speed": "150",
    "initial_layer_speed": "150",
    "inner_wall_speed": "300",
    "internal_solid_infill_speed": "300",
    "is_custom_defined": "0",
    "name": "0.20mm Standard @MyKlipper - 500Plus mms",
    "outer_wall_speed": "300",
    "precise_outer_wall": "1",
    "print_settings_id": "0.20mm Standard @MyKlipper - 500Plus mms",
    "reduce_crossing_wall": "1",
    "skirt_loops": "3",
    "sparse_infill_density": "10%",
    "sparse_infill_pattern": "gyroid",
    "sparse_infill_speed": "300",
    "top_shell_layers": "2",
    "top_surface_speed": "250",
    "travel_speed": "500",
    "version": "2.0.0.0",
    "wall_loops": "2",
    "wipe_before_external_loop": "1",
    "wipe_on_loops": "1",
    "xy_contour_compensation": "0.05",
    "xy_hole_compensation": "0.2"
}
