{
    "brim_type": "no_brim",
    "brim_width": "2",
    "from": "User",
    "inherits": "0.20mm Standard @MyKlipper",
    "is_custom_defined": "0",
    "name": "0.20mm Standard @MyKlipper - Copy",
    "precise_outer_wall": "1",
    "print_settings_id": "0.20mm Standard @MyKlipper - Copy",
    "reduce_crossing_wall": "1",
    "seam_position": "back",
    "skirt_loops": "3",
    "sparse_infill_density": "10%",
    "version": "2.0.0.0",
    "wall_loops": "2",
    "wipe_before_external_loop": "1",
    "wipe_on_loops": "1",
    "xy_contour_compensation": "0.05",
    "xy_hole_compensation": "0.2"
}
