{
    "enable_support": "1",
    "from": "User",
    "gap_infill_speed": "80",
    "inherits": "0.20mm Standard @Creality CR10Max",
    "initial_layer_infill_speed": "60",
    "initial_layer_line_width": "0.63",
    "initial_layer_speed": "50",
    "inner_wall_line_width": "0.66",
    "inner_wall_speed": "100",
    "internal_solid_infill_line_width": "0.66",
    "internal_solid_infill_speed": "100",
    "is_custom_defined": "0",
    "line_width": "0.66",
    "name": "0.20mm Standard @Anet A8 Plus klipper_ speed",
    "outer_wall_line_width": "0.66",
    "outer_wall_speed": "50",
    "print_settings_id": "0.20mm Standard @Anet A8 Plus klipper_ speed",
    "seam_position": "back",
    "skirt_distance": "0",
    "skirt_loops": "5",
    "sparse_infill_density": "10%",
    "sparse_infill_line_width": "0.66",
    "sparse_infill_speed": "100",
    "support_line_width": "0.54",
    "support_type": "tree(manual)",
    "top_surface_line_width": "0.66",
    "top_surface_speed": "80",
    "version": "2.0.0.0",
    "wall_loops": "2",
    "xy_contour_compensation": "-0.05",
    "xy_hole_compensation": "0.1"
}
